minutes,density
0.5,0.063
1.0,0.137
1.5,0.186
2.0,0.259
2.5,0.314
3.0,0.403
3.5,0.454
4.0,0.497
4.5,0.544
5.0,0.585
5.5,0.612
6.0,0.667
6.5,0.708
7.0,0.764
7.5,0.765
8.0,0.845
8.5,0.842
9.0,0.855
9.5,0.939
10.0,0.941
10.5,0.972
11.0,1.028
11.5,1.037
12.0,1.071
12.5,1.084
13.0,1.107
13.5,1.143
14.0,1.123
14.5,1.174
15.0,1.188
15.5,1.218
16.0,1.228
16.5,1.262
17.0,1.255
17.5,1.302
18.0,1.290
18.5,1.312
19.0,1.343
19.5,1.325
20.0,1.348
20.5,1.338
21.0,1.364
21.5,1.368
22.0,1.398
22.5,1.415
23.0,1.410
23.5,1.428
24.0,1.451
